"id","parent_id","facility_level","facility_code","facility_name","type","create_by","create_time","update_by","update_time","remark","is_del","facility_type"
1454,0,1,"2","2",1,admin,"2020-11-15 14:23:07",,,,0,
1455,1454,2,"21","21",2,admin,"2020-11-15 14:23:07",,,,0,
1456,1455,3,"212.AF1","212.AF1",3,admin,"2020-11-15 14:23:07",,,重型板喂机,0,1
1457,1455,3,"212.HC1","212.HC1",3,admin,"2020-11-15 14:23:07",,,单段锤式破碎机,0,1
1458,1455,3,"212.FN1","212.FN1",3,admin,"2020-11-15 14:23:08",,,吸尘风机,0,1
1459,1455,3,"212.BC1","212.BC1",3,admin,"2020-11-15 14:23:08",,,胶带输送机,0,0
1460,1455,3,"212.CX1","212.CX1",3,admin,"2020-11-15 14:23:08",,,螺杆空压机,0,0
1461,1454,2,"29","29",2,admin,"2020-11-15 14:23:09",,,,0,
1462,1461,3,"291.BC1","291.BC1",3,admin,"2020-11-15 14:23:09",,,带式输送机,0,0
1463,1461,3,"291.BCA","291.BCA",3,admin,"2020-11-15 14:23:09",,,带式输送机,0,0
1464,0,1,"3","3",1,admin,"2020-11-15 14:23:09",,,,0,
1465,1464,2,"31","31",2,admin,"2020-11-15 14:23:09",,,,0,
1466,1465,3,"31X.BC1","31X.BC1",3,admin,"2020-11-15 14:23:09",,,带式输送机,0,0
1467,1465,3,"31X.BC2","31X.BC2",3,admin,"2020-11-15 14:23:09",,,带式输送机,0,0
1468,1465,3,"31X.FN2","31X.FN2",3,admin,"2020-11-15 14:23:10",,,风机,0,0
1469,1464,2,"33","33",2,admin,"2020-11-15 14:23:10",,,,0,
1470,1469,3,"331.BCA","331.BCA",3,admin,"2020-11-15 14:23:10",,,带式输送机,0,0
1471,1469,3,"332.BCA","332.BCA",3,admin,"2020-11-15 14:23:10",,,带式输送机,0,0
1472,1469,3,"331.BCB","331.BCB",3,admin,"2020-11-15 14:23:10",,,带式输送机,0,0
1473,1469,3,"331.BC1","331.BC1",3,admin,"2020-11-15 14:23:10",,,带式输送机,0,0
1474,1469,3,"332.BCB","332.BCB",3,admin,"2020-11-15 14:23:10",,,带式输送机,0,0
1475,1469,3,"332.BC1","332.BC1",3,admin,"2020-11-15 14:23:10",,,带式输送机,0,0
1476,1469,3,"331.BC2","331.BC2",3,admin,"2020-11-15 14:23:10",,,带式输送机,0,0
1477,1469,3,"332.BC2","332.BC2",3,admin,"2020-11-15 14:23:11",,,带式输送机,0,0
1478,0,1,L,L,1,admin,"2020-11-15 14:23:11",,,,0,
1479,1478,2,L4,L4,2,admin,"2020-11-15 14:23:11",,,,0,
1480,1479,3,L41.BC1,L41.BC1,3,admin,"2020-11-15 14:23:11",,,带式输送机,0,0
1481,1479,3,L41.BC2,L41.BC2,3,admin,"2020-11-15 14:23:11",,,带式输送机,0,0
1482,1479,3,L41.BC3,L41.BC3,3,admin,"2020-11-15 14:23:11",,,带式输送机,0,0
1483,1464,2,"36","36",2,admin,"2020-11-15 14:23:11",,,,0,
1484,1483,3,"361.BC1","361.BC1",3,admin,"2020-11-15 14:23:11",,,胶带输送机,0,0
1485,1483,3,"361.MD1","361.MD1",3,admin,"2020-11-15 14:23:11",,,"1#原料磨",0,0
1486,1483,3,"361.SR1","361.SR1",3,admin,"2020-11-15 14:23:11",,,"1#磨机选粉机选粉机",0,0
1487,1483,3,"361.TF1","361.TF1",3,admin,"2020-11-15 14:23:12",,,TSLM司德伯密封阀,0,0
1488,1483,3,"361.BE1","361.BE1",3,admin,"2020-11-15 14:23:12",,,链板式提升机,0,0
1489,1483,3,"361.FN1","361.FN1",3,admin,"2020-11-15 14:23:12",,,原料磨循环风机,0,0
1490,0,1,"4","4",1,admin,"2020-11-15 14:23:12",,,,0,
1491,1490,2,"44","44",2,admin,"2020-11-15 14:23:12",,,,0,
1492,1491,3,"441.FN1","441.FN1",3,admin,"2020-11-15 14:23:12",,,窑尾高温风机,0,0
1493,1464,2,"39","39",2,admin,"2020-11-15 14:23:13",,,,0,
1494,1493,3,"391.CV1","391.CV1",3,admin,"2020-11-15 14:23:13",,,链式输送机,0,0
1495,1493,3,"391.CV2","391.CV2",3,admin,"2020-11-15 14:23:13",,,链式输送机,0,0
1496,1493,3,"391.CV3","391.CV3",3,admin,"2020-11-15 14:23:13",,,链式输送机,0,0
1497,1493,3,"391.CV4","391.CV4",3,admin,"2020-11-15 14:23:13",,,链式输送机,0,0
1498,1493,3,"391.CV6","391.CV6",3,admin,"2020-11-15 14:23:13",,,链式输送机,0,0
1499,1493,3,"391.CV7","391.CV7",3,admin,"2020-11-15 14:23:13",,,链式输送机,0,0
1500,1493,3,"391.CV8","391.CV8",3,admin,"2020-11-15 14:23:13",,,链式输送机,0,0
1501,1490,2,"42","42",2,admin,"2020-11-15 14:23:13",,,,0,
1502,1501,3,"421.FN1","421.FN1",3,admin,"2020-11-15 14:23:13",,,窑尾废气排风机,0,0
1503,1483,3,"362.BC1","362.BC1",3,admin,"2020-11-15 14:23:14",,,胶带输送机,0,0
1504,1483,3,"362.MD1","362.MD1",3,admin,"2020-11-15 14:23:14",,,"2#原料磨",0,0
1505,1483,3,"362.SR1","362.SR1",3,admin,"2020-11-15 14:23:14",,,"2#磨机选粉机选粉机",0,0
1506,1483,3,"362.TF1","362.TF1",3,admin,"2020-11-15 14:23:14",,,TSLM司德伯密封阀,0,0
1507,1483,3,"362.WF2","362.WF2",3,admin,"2020-11-15 14:23:14",,,定量给料机,0,0
1508,1483,3,"362.BE1","362.BE1",3,admin,"2020-11-15 14:23:14",,,链板式提升机,0,0
1509,1483,3,"362.FN1","362.FN1",3,admin,"2020-11-15 14:23:15",,,原料磨循环风机,0,0
1510,1491,3,"442.FN1","442.FN1",3,admin,"2020-11-15 14:23:15",,,窑尾高温风机,0,0
1511,1493,3,"392.CV1","392.CV1",3,admin,"2020-11-15 14:23:15",,,链式输送机,0,0
1512,1493,3,"392.CV2","392.CV2",3,admin,"2020-11-15 14:23:15",,,链式输送机,0,0
1513,1493,3,"392.CV3","392.CV3",3,admin,"2020-11-15 14:23:15",,,链式输送机,0,0
1514,1493,3,"392.CV4","392.CV4",3,admin,"2020-11-15 14:23:16",,,链式输送机,0,0
1515,1493,3,"392.CV5","392.CV5",3,admin,"2020-11-15 14:23:16",,,链式输送机,0,0
1516,1493,3,"392.CV6","392.CV6",3,admin,"2020-11-15 14:23:16",,,链式输送机,0,0
1517,1493,3,"392.CV7","392.CV7",3,admin,"2020-11-15 14:23:16",,,链式输送机,0,0
1518,1493,3,"392.CV8","392.CV8",3,admin,"2020-11-15 14:23:16",,,链式输送机,0,0
1519,1501,3,"422.FN1","422.FN1",3,admin,"2020-11-15 14:23:16",,,窑尾废气排风机,0,0
1520,1493,3,"391.BE1","391.BE1",3,admin,"2020-11-15 14:23:16",,,斗式提升机,0,0
1521,1493,3,"392.BE1","392.BE1",3,admin,"2020-11-15 14:23:17",,,斗式提升机,0,0
1522,1490,2,"41","41",2,admin,"2020-11-15 14:23:17",,,,0,
1523,1522,3,"411.BLA","411.BLA",3,admin,"2020-11-15 14:23:17",,,罗茨风机,0,1
1524,1522,3,"411.BLB","411.BLB",3,admin,"2020-11-15 14:23:17",,,罗茨风机,0,1
1525,1522,3,"411.BL1","411.BL1",3,admin,"2020-11-15 14:23:17",,,罗茨风机,0,1
1526,1522,3,"411.BL2","411.BL2",3,admin,"2020-11-15 14:23:18",,,罗茨风机,0,1
1527,1522,3,"411.BE1","411.BE1",3,admin,"2020-11-15 14:23:18",,,斗式提升机,0,0
1528,1522,3,"411.BE2","411.BE2",3,admin,"2020-11-15 14:23:18",,,斗式提升机,0,0
1529,1490,2,"43","43",2,admin,"2020-11-15 14:23:18",,,,0,
1530,1529,3,"431.BLA","431.BLA",3,admin,"2020-11-15 14:23:18",,,罗茨风机,0,1
1531,1529,3,"431.BL1","431.BL1",3,admin,"2020-11-15 14:23:19",,,罗茨风机,0,1
1532,1529,3,"431.BL2","431.BL2",3,admin,"2020-11-15 14:23:19",,,罗茨风机,0,1
1533,1529,3,"431.PF1","431.PF1",3,admin,"2020-11-15 14:23:19",,,转子秤,0,0
1534,1529,3,"431.PF2","431.PF2",3,admin,"2020-11-15 14:23:19",,,转子秤,0,0
1535,1529,3,"431.BE1","431.BE1",3,admin,"2020-11-15 14:23:19",,,斗式提升机,0,0
1536,1529,3,"431.BE2","431.BE2",3,admin,"2020-11-15 14:23:20",,,斗式提升机,0,0
1537,1529,3,"431.FN1","431.FN1",3,admin,"2020-11-15 14:23:20",,,离心式通风机,0,1
1538,1529,3,"431.FA2","431.FA2",3,admin,"2020-11-15 14:23:20",,,离心式通风机,0,1
1539,1529,3,"431.FA3","431.FA3",3,admin,"2020-11-15 14:23:20",,,离心式通风机,0,1
1540,1529,3,"431.FA4","431.FA4",3,admin,"2020-11-15 14:23:20",,,离心式通风机,0,1
1541,1529,3,"431.FA5","431.FA5",3,admin,"2020-11-15 14:23:20",,,离心式通风机,0,1
1542,1490,2,"4A","4A",2,admin,"2020-11-15 14:23:21",,,,0,
1543,1542,3,"4A1.CV1","4A1.CV1",3,admin,"2020-11-15 14:23:21",,,链式输送机,0,0
1544,1542,3,"4A1.CV2","4A1.CV2",3,admin,"2020-11-15 14:23:21",,,链式输送机,0,0
1545,1542,3,"4A1.FN1","4A1.FN1",3,admin,"2020-11-15 14:23:21",,,排风机,0,1
1546,1542,3,"4A1.FN2","4A1.FN2",3,admin,"2020-11-15 14:23:21",,,排风机,0,0
1547,1490,2,"46","46",2,admin,"2020-11-15 14:23:21",,,,0,
1548,1547,3,"461.MD1","461.MD1",3,admin,"2020-11-15 14:23:21",,,窑主传动电动机,0,0
1549,1547,3,"461.FA1","461.FA1",3,admin,"2020-11-15 14:23:22",,,离心通风机,0,0
1550,1490,2,"47","47",2,admin,"2020-11-15 14:23:22",,,,0,
1551,1550,3,"471.HD1","471.HD1",3,admin,"2020-11-15 14:23:22",,,空气炮主泵电机,0,1
1552,1550,3,"471.HD2","471.HD2",3,admin,"2020-11-15 14:23:22",,,空气炮主泵电机,0,1
1553,1550,3,"471.RC1","471.RC1",3,admin,"2020-11-15 14:23:22",,,熟料辊式破碎机电机,0,0
1554,1550,3,"471.FAA","471.FAA",3,admin,"2020-11-15 14:23:23",,,A11冷却风机,0,1
1555,1550,3,"471.FAB","471.FAB",3,admin,"2020-11-15 14:23:23",,,B11冷却风机,0,1
1556,1550,3,"471.FAC","471.FAC",3,admin,"2020-11-15 14:23:23",,,C11冷却风机,0,1
1557,1550,3,"471.FAD","471.FAD",3,admin,"2020-11-15 14:23:24",,,A12冷却风机,0,1
1558,1550,3,"471.FAE","471.FAE",3,admin,"2020-11-15 14:23:24",,,B12冷却风机,0,1
1559,1550,3,"471.FAF","471.FAF",3,admin,"2020-11-15 14:23:24",,,B13冷却风机,0,1
1560,1550,3,"471.FAG","471.FAG",3,admin,"2020-11-15 14:23:24",,,C12冷却风机,0,1
1561,1550,3,"471.FAH","471.FAH",3,admin,"2020-11-15 14:23:24",,,A13冷却风机,0,1
1562,1550,3,"471.FAI","471.FAI",3,admin,"2020-11-15 14:23:24",,,B14冷却风机,0,1
1563,1550,3,"471.FAJ","471.FAJ",3,admin,"2020-11-15 14:23:24",,,B15冷却风机,0,1
1564,1550,3,"471.FAK","471.FAK",3,admin,"2020-11-15 14:23:25",,,C13冷却风机,0,1
1565,1550,3,"471.FAL","471.FAL",3,admin,"2020-11-15 14:23:25",,,A14冷却风机,0,1
1566,1550,3,"471.FAM","471.FAM",3,admin,"2020-11-15 14:23:25",,,B16冷却风机,0,1
1567,1550,3,"471.FAN","471.FAN",3,admin,"2020-11-15 14:23:25",,,B17冷却风机,0,1
1568,1550,3,"471.FAP","471.FAP",3,admin,"2020-11-15 14:23:25",,,C14冷却风机,0,1
1569,1550,3,"471.FAQ","471.FAQ",3,admin,"2020-11-15 14:23:25",,,B18冷却风机,0,1
1570,1550,3,"471.FAR","471.FAR",3,admin,"2020-11-15 14:23:26",,,B21冷却风机,0,1
1571,1550,3,"471.FAS","471.FAS",3,admin,"2020-11-15 14:23:26",,,B22冷却风机,0,1
1572,1550,3,"471.FAT","471.FAT",3,admin,"2020-11-15 14:23:26",,,B23冷却风机,0,1
1573,1550,3,"471.FAU","471.FAU",3,admin,"2020-11-15 14:23:26",,,B24冷却风机,0,1
1574,1550,3,"471.FAV","471.FAV",3,admin,"2020-11-15 14:23:26",,,B25冷却风机,0,1
1575,1550,3,"471.FAW","471.FAW",3,admin,"2020-11-15 14:23:26",,,B26冷却风机,0,1
1576,1550,3,"471.FAX","471.FAX",3,admin,"2020-11-15 14:23:26",,,B27冷却风机,0,1
1577,1550,3,"471.CV1","471.CV1",3,admin,"2020-11-15 14:23:27",,,链式输送机,0,1
1578,1550,3,"471.CV2","471.CV2",3,admin,"2020-11-15 14:23:27",,,链式输送机,0,0
1579,1550,3,"471.CV3","471.CV3",3,admin,"2020-11-15 14:23:27",,,链式输送机,0,0
1580,1550,3,"471.CV4","471.CV4",3,admin,"2020-11-15 14:23:27",,,链式输送机,0,0
1581,1550,3,"471.CV5","471.CV5",3,admin,"2020-11-15 14:23:27",,,链式输送机,0,0
1582,1550,3,"471.FN1","471.FN1",3,admin,"2020-11-15 14:23:27",,,窑头排风机,0,0
1583,1490,2,"48","48",2,admin,"2020-11-15 14:23:27",,,,0,
1584,1583,3,"481.BL2","481.BL2",3,admin,"2020-11-15 14:23:27",,,一次风机电动机,0,0
1585,1583,3,"481.BL3","481.BL3",3,admin,"2020-11-15 14:23:28",,,一次风机电动机,0,0
1586,0,1,"5","5",1,admin,"2020-11-15 14:23:28",,,,0,
1587,1586,2,"51","51",2,admin,"2020-11-15 14:23:28",,,,0,
1588,1587,3,"51A.BC1","51A.BC1",3,admin,"2020-11-15 14:23:28",,,带式输送机,0,0
1589,1587,3,"51B.BC1","51B.BC1",3,admin,"2020-11-15 14:23:28",,,带式输送机,0,0
1590,1587,3,"51C.BC1","51C.BC1",3,admin,"2020-11-15 14:23:28",,,带式输送机,0,0
1591,1587,3,"51D.BC1","51D.BC1",3,admin,"2020-11-15 14:23:28",,,带式输送机,0,0
1592,1587,3,"51E.BC1","51E.BC1",3,admin,"2020-11-15 14:23:29",,,带式输送机,0,0
1593,1478,2,L6,L6,2,admin,"2020-11-15 14:23:29",,,,0,
1594,1593,3,L61.MD1,L61.MD1,3,admin,"2020-11-15 14:23:29",,,煤磨主电动机,0,0
1595,1593,3,L61.SR1,L61.SR1,3,admin,"2020-11-15 14:23:29",,,煤磨选粉机,0,0
1596,1593,3,L61.FAA,L61.FAA,3,admin,"2020-11-15 14:23:29",,,密封风机,0,1
1597,1593,3,L61.FN1,L61.FN1,3,admin,"2020-11-15 14:23:29",,,煤磨排风机,0,0
1598,1490,2,"45","45",2,admin,"2020-11-15 14:23:30",,,,0,
1599,1598,3,"451.PF1","451.PF1",3,admin,"2020-11-15 14:23:30",,,煤粉计量秤,0,0
1600,1598,3,"451.PF2","451.PF2",3,admin,"2020-11-15 14:23:30",,,煤粉计量秤,0,0
1601,1598,3,"451.BL1","451.BL1",3,admin,"2020-11-15 14:23:30",,,罗茨风机,0,1
1602,1598,3,"451.BL2","451.BL2",3,admin,"2020-11-15 14:23:30",,,罗茨风机,0,1
1603,1598,3,"451.BL3","451.BL3",3,admin,"2020-11-15 14:23:30",,,罗茨风机,0,1
1604,1583,3,"481.PF1","481.PF1",3,admin,"2020-11-15 14:23:30",,,煤粉计量秤,0,0
1605,1583,3,"481.BL1","481.BL1",3,admin,"2020-11-15 14:23:30",,,罗茨风机,0,1
1606,0,1,D,D,1,admin,"2020-11-15 14:23:30",,,,0,
1607,1606,2,D3,D3,2,admin,"2020-11-15 14:23:30",,,,0,
1608,1607,3,D31.CX1,D31.CX1,3,admin,"2020-11-15 14:23:30",,,螺杆空压机压缩机,0,1
1609,1607,3,D31.CX2,D31.CX2,3,admin,"2020-11-15 14:23:31",,,螺杆空压机压缩机,0,1
1610,1607,3,D31.CX3,D31.CX3,3,admin,"2020-11-15 14:23:31",,,螺杆空压机压缩机,0,1
1611,1607,3,D31.CX4,D31.CX4,3,admin,"2020-11-15 14:23:31",,,螺杆空压机压缩机,0,1
1612,1607,3,D31.CX5,D31.CX5,3,admin,"2020-11-15 14:23:31",,,螺杆空压机压缩机,0,1
1613,1607,3,D31.CX6,D31.CX6,3,admin,"2020-11-15 14:23:31",,,螺杆空压机压缩机,0,1
1614,1454,2,"2P","2P",2,admin,"2020-11-15 14:23:32",,,,0,
1616,1464,2,"3P","3P",2,admin,"2020-11-15 14:23:32",,,,0,
1618,1490,2,"4P","4P",2,admin,"2020-11-15 14:23:33",,,,0,
1621,1586,2,"5P","5P",2,admin,"2020-11-15 14:23:35",,,,0,
1623,0,1,"7","7",1,admin,"2020-11-15 14:23:37",,,,0,
1624,1623,2,"7P","7P",2,admin,"2020-11-15 14:23:37",,,,0,
1626,1461,3,"291.FN1","291.FN1",3,admin,"2020-11-15 15:37:43",,,收尘风机,0,0
1627,1483,3,"361.LQ1","361.LQ1",3,admin,"2020-11-15 15:37:51",,,"1#原料磨减速机润滑站高压泵",0,0
1628,1483,3,"361.LQ3","361.LQ3",3,admin,"2020-11-15 15:37:52",,,"1#原料磨主电机润滑站油泵",0,0
1629,1483,3,"362.SR2","362.SR2",3,admin,"2020-11-15 15:37:57",,,"2#原料磨选粉机",0,0
1630,1483,3,"362.SR3","362.SR3",3,admin,"2020-11-15 15:37:57",,,"2#原料磨选粉机",0,0
1631,1483,3,"362.LQ1","362.LQ1",3,admin,"2020-11-15 15:38:01",,,"2#原料磨减速机润滑站高压泵",0,0
1632,1483,3,"362.LQ3","362.LQ3",3,admin,"2020-11-15 15:38:02",,,"2#原料磨主电机润滑站油泵",0,0
1633,1501,3,"421.BF1","421.BF1",3,admin,"2020-11-15 15:38:04",,,"1#窑尾袋收尘器",0,0
1634,1501,3,"421.SC1","421.SC1",3,admin,"2020-11-15 15:38:10",,,螺旋输送机,0,0
1635,1501,3,"422.BF1","422.BF1",3,admin,"2020-11-15 15:38:10",,,"2#窑尾袋收尘器",0,0
1636,1501,3,"422.SC1","422.SC1",3,admin,"2020-11-15 15:38:15",,,螺旋输送机,0,0
1637,1547,3,"461.MD2","461.MD2",3,admin,"2020-11-15 15:38:17",,,"2#窑主传电机",0,0
1638,1550,3,"472.FAS","472.FAS",3,admin,"2020-11-15 15:38:51",,,冷却风机,0,0
1639,1550,3,"473.FAS","473.FAS",3,admin,"2020-11-15 15:38:51",,,冷却风机,0,0
1640,1490,2,"49","49",2,admin,"2020-11-15 15:38:55",,,,0,
1641,1640,3,"491.CV1","491.CV1",3,admin,"2020-11-15 15:38:55",,,链式输送机,0,0
1642,1529,3,"431.BLB","431.BLB",3,admin,"2020-11-17 15:42:50",,,罗茨风机,0,0
1643,1587,3,"511.BC1","511.BC1",3,admin,"2020-11-17 15:42:51",,,皮带输送机,0,0
1644,1587,3,"511.BC2","511.BC2",3,admin,"2020-11-17 15:42:52",,,皮带输送机,0,0
1645,0,1,"6","6",1,admin,"2020-11-17 15:42:52",,,,0,
1646,1645,2,"6N","6N",2,admin,"2020-11-17 15:42:52",,,,0,
1647,1646,3,"6N1.BC1","6N1.BC1",3,admin,"2020-11-17 15:42:52",,,皮带输送机,0,0
1648,1645,2,"64","64",2,admin,"2020-11-17 15:42:52",,,,0,
1649,1648,3,"641.BC1","641.BC1",3,admin,"2020-11-17 15:42:52",,,皮带输送机,0,0
1650,1646,3,"6N1.BC2","6N1.BC2",3,admin,"2020-11-17 15:42:53",,,皮带输送机,0,0
1651,1648,3,"641.BL1","641.BL1",3,admin,"2020-11-17 15:42:53",,,罗茨风机,0,0
1652,1648,3,"641.BL2","641.BL2",3,admin,"2020-11-17 15:42:54",,,罗茨风机,0,0
1653,1645,2,"6P","6P",2,admin,"2020-11-17 15:42:54",,,,0,
1654,1653,3,"6P1.BC1","6P1.BC1",3,admin,"2020-11-17 15:42:54",,,皮带输送机,0,0
1655,1645,2,"6Q","6Q",2,admin,"2020-11-17 15:42:54",,,,0,
1656,1655,3,"6Q1.BC1","6Q1.BC1",3,admin,"2020-11-17 15:42:54",,,皮带输送机,0,0
1657,1655,3,"6Q1.BC2","6Q1.BC2",3,admin,"2020-11-17 15:42:54",,,皮带输送机,0,0
1658,1655,3,"6Q1.BCA","6Q1.BCA",3,admin,"2020-11-17 15:42:55",,,皮带输送机,0,0
1659,1655,3,"6Q1.BCB","6Q1.BCB",3,admin,"2020-11-17 15:42:55",,,皮带输送机,0,0
1660,1655,3,"6Q1.BCC","6Q1.BCC",3,admin,"2020-11-17 15:42:55",,,皮带输送机,0,0
1661,1655,3,"6Q1.BC3","6Q1.BC3",3,admin,"2020-11-17 15:42:55",,,皮带输送机,0,0
1662,1655,3,"6Q1.BC4","6Q1.BC4",3,admin,"2020-11-17 15:42:55",,,皮带输送机,0,0
1663,1655,3,"6Q1.BC5","6Q1.BC5",3,admin,"2020-11-17 15:42:55",,,皮带输送机,0,0
1664,1493,3,"391.CV5","391.CV5",3,admin,"2020-11-17 16:57:48",,,链式输送机,0,0
1665,1640,3,"491.FN2","491.FN2",3,admin,"2020-11-17 16:57:50",,,离心通风机,0,0
1666,1607,3,D32.CX1,D32.CX1,3,admin,"2020-11-17 16:57:50",,,螺杆空压机压缩机,0,1
1667,1607,3,D32.CX2,D32.CX2,3,admin,"2020-11-17 16:57:50",,,螺杆空压机压缩机,0,1
1668,1607,3,D32.CX3,D32.CX3,3,admin,"2020-11-17 16:57:50",,,螺杆空压机压缩机,0,1
1669,1614,3,"2P1.1S2.UC","2P1.1S2.UC",3,admin,"2020-11-18 10:00:14",,,循环水电气室变压器柜,0,0
1670,1614,3,"2P1.1S2.UD","2P1.1S2.UD",3,admin,"2020-11-18 10:00:14",,,辅助破碎电气室变压器柜,0,0
1671,1614,3,"2P1.1S2.UE","2P1.1S2.UE",3,admin,"2020-11-18 10:00:14",,,石灰石长皮带变频整流变柜,0,0
1672,1614,3,"2P1.1S2.UF","2P1.1S2.UF",3,admin,"2020-11-18 10:00:14",,,辅料破碎机柜,0,0
1673,1614,3,"2P1.1S2.UG","2P1.1S2.UG",3,admin,"2020-11-18 10:00:14",,,锤式破碎机1#电机柜,0,0
1674,1614,3,"2P1.1S2.UH","2P1.1S2.UH",3,admin,"2020-11-18 10:00:14",,,锤式破碎机2#电机柜,0,0
1675,1616,3,"3P1.1S1.UA","3P1.1S1.UA",3,admin,"2020-11-18 10:00:14",,,"1#原料磨主电机柜",0,0
1676,1616,3,"3P1.1S1.UB","3P1.1S1.UB",3,admin,"2020-11-18 10:00:14",,,"2#原料磨主电机柜",0,0
1677,1616,3,"3P1.1S1.UD","3P1.1S1.UD",3,admin,"2020-11-18 10:00:14",,,"1#原料磨风机变频柜",0,0
1678,1616,3,"3P1.1S1.UE","3P1.1S1.UE",3,admin,"2020-11-18 10:00:15",,,"2#原料磨风机变频柜",0,0
1679,1616,3,"3P1.1S1.UG","3P1.1S1.UG",3,admin,"2020-11-18 10:00:15",,,原料处理电气室变压器柜,0,0
1680,1616,3,"3P1.1S1.UH","3P1.1S1.UH",3,admin,"2020-11-18 10:00:15",,,原料磨电气室变压器1柜,0,0
1681,1616,3,"3P1.1S1.UJ","3P1.1S1.UJ",3,admin,"2020-11-18 10:00:15",,,原料磨电气室变压器2柜,0,0
1682,1616,3,"3P1.1S1.UK","3P1.1S1.UK",3,admin,"2020-11-18 10:00:15",,,空压站电气室变压器柜,0,0
1683,1618,3,"4P1.1S1.UA","4P1.1S1.UA",3,admin,"2020-11-18 10:00:15",,,"1#高温风机变频柜柜",0,0
1684,1618,3,"4P1.1S1.UB","4P1.1S1.UB",3,admin,"2020-11-18 10:00:15",,,"2#高温风机变频柜柜",0,0
1685,1618,3,"4P1.1S1.UD","4P1.1S1.UD",3,admin,"2020-11-18 10:00:15",,,"1#窑尾废气排风机变频柜柜",0,0
1686,1618,3,"4P1.1S1.UE","4P1.1S1.UE",3,admin,"2020-11-18 10:00:15",,,"2#窑尾废气排风机变频柜",0,0
1687,1618,3,"4P1.1S1.UF","4P1.1S1.UF",3,admin,"2020-11-18 10:00:15",,,"1#窑主电机变频柜",0,0
1688,1618,3,"4P1.1S1.UG","4P1.1S1.UG",3,admin,"2020-11-18 10:00:15",,,"2#窑主电机变频柜",0,0
1689,1618,3,"4P1.1S1.UH","4P1.1S1.UH",3,admin,"2020-11-18 10:00:15",,,窑尾电气室变压器柜,0,0
1690,1618,3,"4P1.1S1.UI","4P1.1S1.UI",3,admin,"2020-11-18 10:00:16",,,接力风机变频柜,0,0
1691,1618,3,"4P1.1S1.UJ","4P1.1S1.UJ",3,admin,"2020-11-18 10:00:16",,,垃圾处理1#变压器柜,0,0
1692,1618,3,"4P1.1S1.UK","4P1.1S1.UK",3,admin,"2020-11-18 10:00:16",,,垃圾处理2#变压器柜,0,0
1693,1618,3,"4P1.1S1.UL","4P1.1S1.UL",3,admin,"2020-11-18 10:00:16",,,"1#入窑斗提1#主传柜",0,0
1694,1618,3,"4P1.1S1.UM","4P1.1S1.UM",3,admin,"2020-11-18 10:00:16",,,"1#入窑斗提2#主传柜",0,0
1695,1618,3,"4P1.1S1.UN","4P1.1S1.UN",3,admin,"2020-11-18 10:00:16",,,"2#入窑斗提1#主传柜",0,0
1696,1618,3,"4P1.1S1.UP","4P1.1S1.UP",3,admin,"2020-11-18 10:00:16",,,"2#入窑斗提2#主传柜",0,0
1697,1618,3,"4P1.1S2.UA","4P1.1S2.UA",3,admin,"2020-11-18 10:00:16",,,煤磨主传电机柜,0,0
1698,1618,3,"4P1.1S2.UC","4P1.1S2.UC",3,admin,"2020-11-18 10:00:16",,,B11冷却风机柜,0,0
1699,1618,3,"4P1.1S2.UD","4P1.1S2.UD",3,admin,"2020-11-18 10:00:16",,,A12冷却风机柜,0,0
1700,1618,3,"4P1.1S2.UE","4P1.1S2.UE",3,admin,"2020-11-18 10:00:16",,,B13冷却风机柜,0,0
1701,1618,3,"4P1.1S2.UF","4P1.1S2.UF",3,admin,"2020-11-18 10:00:17",,,C12冷却风机柜,0,0
1702,1618,3,"4P1.1S2.UG","4P1.1S2.UG",3,admin,"2020-11-18 10:00:17",,,A13冷却风机柜,0,0
1703,1618,3,"4P1.1S2.UH","4P1.1S2.UH",3,admin,"2020-11-18 10:00:17",,,B14冷却风机柜,0,0
1704,1618,3,"4P1.1S2.UI","4P1.1S2.UI",3,admin,"2020-11-18 10:00:17",,,C13冷却风机柜,0,0
1705,1618,3,"4P1.1S2.UJ","4P1.1S2.UJ",3,admin,"2020-11-18 10:00:17",,,B18冷却风机柜,0,0
1706,1618,3,"4P1.1S2.UK","4P1.1S2.UK",3,admin,"2020-11-18 10:00:17",,,B21冷却风机柜,0,0
1707,1618,3,"4P1.1S2.UL","4P1.1S2.UL",3,admin,"2020-11-18 10:00:17",,,窑头电气室变压器1柜,0,0
1708,1618,3,"4P1.1S2.UM","4P1.1S2.UM",3,admin,"2020-11-18 10:00:17",,,窑头电气室变压器2柜,0,0
1709,1618,3,"4P1.1S2.UN","4P1.1S2.UN",3,admin,"2020-11-18 10:00:17",,,煤磨电气室变压器柜,0,0
1710,1618,3,"4P1.1S2.UQ","4P1.1S2.UQ",3,admin,"2020-11-18 10:00:17",,,头排风机变频器柜,0,0
1711,1618,3,"4P1.1S2.UR","4P1.1S2.UR",3,admin,"2020-11-18 10:00:17",,,"1#一次风机变频器柜",0,0
1712,1618,3,"4P1.1S2.US","4P1.1S2.US",3,admin,"2020-11-18 10:00:17",,,"2#一次风机变频器柜",0,0
1713,1618,3,"4P1.1S2.UT","4P1.1S2.UT",3,admin,"2020-11-18 10:00:18",,,煤粉通风机变频器柜,0,0
1714,1618,3,"4P1.1S2.UU","4P1.1S2.UU",3,admin,"2020-11-18 10:00:18",,,窑尾喂煤1#罗茨风机柜,0,0
1715,1618,3,"4P1.1S2.UV","4P1.1S2.UV",3,admin,"2020-11-18 10:00:18",,,窑尾喂煤2#罗茨风机柜,0,0
1716,1618,3,"4P1.1S2.UW","4P1.1S2.UW",3,admin,"2020-11-18 10:00:18",,,窑尾喂煤3#罗茨风机变频器柜,0,0
1717,1621,3,"5P1.1S1.UA","5P1.1S1.UA",3,admin,"2020-11-18 10:00:18",,,"1#球磨机电机柜",0,0
1718,1621,3,"5P1.1S1.UB","5P1.1S1.UB",3,admin,"2020-11-18 10:00:18",,,球磨机电机备用柜,0,0
1719,1621,3,"5P1.1S1.UC","5P1.1S1.UC",3,admin,"2020-11-18 10:00:18",,,"1#静辊主电机柜",0,0
1720,1621,3,"5P1.1S1.UD","5P1.1S1.UD",3,admin,"2020-11-18 10:00:18",,,"1#动辊主电机柜",0,0
1721,1621,3,"5P1.1S1.UE","5P1.1S1.UE",3,admin,"2020-11-18 10:00:18",,,熟料库变压器柜,0,0
1722,1621,3,"5P1.1S1.UF","5P1.1S1.UF",3,admin,"2020-11-18 10:00:18",,,水泥磨变压器1柜,0,0
1723,1621,3,"5P1.1S1.UG","5P1.1S1.UG",3,admin,"2020-11-18 10:00:18",,,水泥磨变压器3柜,0,0
1724,1621,3,"5P1.1S1.UH","5P1.1S1.UH",3,admin,"2020-11-18 10:00:18",,,水泥磨1#循环风机柜,0,0
1725,1621,3,"5P1.1S1.UK","5P1.1S1.UK",3,admin,"2020-11-18 10:00:19",,,带式输送机柜,0,0
1726,1621,3,"5P1.1S1.UL","5P1.1S1.UL",3,admin,"2020-11-18 10:00:19",,,水泥包装变压器柜,0,0
1727,1621,3,"5P1.1S1.UM","5P1.1S1.UM",3,admin,"2020-11-18 10:00:19",,,水泥磨2#循环风机柜,0,0
1728,1621,3,"5P1.1S1.UP","5P1.1S1.UP",3,admin,"2020-11-18 10:00:19",,,水泥磨变压器2柜,0,0
1729,1621,3,"5P1.1S1.UQ","5P1.1S1.UQ",3,admin,"2020-11-18 10:00:19",,,"2#动辊主电机柜",0,0
1730,1621,3,"5P1.1S1.UR","5P1.1S1.UR",3,admin,"2020-11-18 10:00:19",,,"2#静辊主电机柜",0,0
1731,1621,3,"5P1.1S1.US","5P1.1S1.US",3,admin,"2020-11-18 10:00:19",,,"2#球磨机电机柜",0,0
1732,1624,3,"7P1.1S1.UA","7P1.1S1.UA",3,admin,"2020-11-18 10:00:19",,,码头电气室变压器柜,0,0
1733,1624,3,"7P1.1S1.UC","7P1.1S1.UC",3,admin,"2020-11-18 10:00:19",,,长皮带变频整流变柜,0,0
1734,1624,3,"7P1.1S1.UD","7P1.1S1.UD",3,admin,"2020-11-18 10:00:19",,,码头陆域电气室变压器柜,0,0
1735,1624,3,"7P1.1S1.UE","7P1.1S1.UE",3,admin,"2020-11-18 10:00:20",,,新码头电气室变压器柜,0,0
1736,1624,3,"7P1.1S1.UF","7P1.1S1.UF",3,admin,"2020-11-18 10:00:20",,,至新码头长胶带柜,0,0
